"Order","Raw p value","Bonferroni-adjusted p value"
"Acholeplasmatales","7.81265688500451e-05","0.000625012550800361"
"Bacteroidales","5.38648848785721e-06","4.30919079028577e-05"
"Clostridiales","7.9900065663243e-09","6.39200525305944e-08"
"Erysipelotrichales","0.407115953422494","1"
"Lachnospirales","0.560083049554513","1"
"Lactobacillales","2.74461405162902e-05","0.000219569124130322"
"Oscillospirales","0.926767514801739","1"
"Peptostreptococcales-Tissierellales","7.52423660326611e-08","6.01938928261289e-07"
